"page_url","title","cook_time","description","recipe_instructions","image_url","recipe_ingredients","prep_time","servings","total_time","current_timestamp"
"https://www.allrecipes.com/recipe/233531/quick-whole-wheat-chapati/","Quick Whole Wheat Chapati","10 min","Fresh whole wheat chapati is quick, easy, and delicious; perfect with butter, as an accompaniment, or as a wrap!","Mix flour and salt together in a bowl. Stir in water to form a soft dough; Turn dough out onto a lightly floured work surface and knead several times. Divide into 8 pieces and roll each into a ball. Roll each ball into a very thin round using a rolling pin; Heat a griddle over medium-high heat. Cook each dough round on griddle until dough bubbles and blisters appear, about 2 minutes. Flip and cook until lightly browned on the other side.","https://www.allrecipes.com/thmb/4-iInQk-_4eRpYXUY_5mVErJsyE=/1500x0/filters:no_upscale():max_bytes(150000):strip_icc()/8553184-quick-whole-wheat-chapati-Lenka-4x3-1-4b53f342050f490891486f874d0d0e03.jpg","2.5 cups whole wheat flour, 0.75 teaspoon salt, 1 cup water","10 min","8","20 min","2022-12-17T18:13:21Z"
"https://www.allrecipes.com/recipe/222352/jamies-sweet-and-easy-corn-on-the-cob/","Jamie&#39;s Sweet and Easy Corn on the Cob","5 min","Corn on the cob is cooked in boiled water that&#39;s flavored with a little sugar and lemon juice to make the sweetest, quickest, tastiest corn.","Fill a large pot about 3/4 full of water and bring to a boil. Stir in sugar and lemon juice until sugar is dissolved; Gently place ears of corn into boiling water, cover the pot, turn off the heat, and let corn cook in the hot water until tender, about 10 minutes.","https://www.allrecipes.com/thmb/DgFVZ9PgNfKIVkMqT_2JDYUyyoE=/1500x0/filters:no_upscale():max_bytes(150000):strip_icc()/222352-jamies-sweet-and-easy-corn-on-the-cob-rae-1x1-1-b9082581de2e4f34b3271f6646bcc7c6.jpg","2 tablespoons white sugar, 1 tablespoon lemon juice, 6 ears corn on the cob, husks and silk removed","5 min","6","20 min","2022-12-17T18:13:22Z"
"https://www.allrecipes.com/recipe/13107/miso-soup/","Miso Soup","10 min","This miso soup is easy to make in just 15 minutes with dashi stock, miso paste, silken tofu, and green onions for a deliciously savory appetizer.","Combine water and dashi granules in a medium saucepan over medium-high heat; bring to a boil. Reduce heat to medium and whisk in miso paste. Stir in tofu. Separate the layers of green onions, and add them to the soup. Simmer gently for 2 to 3 minutes before serving.","https://www.allrecipes.com/thmb/T7eho8sl1fY9jPYYxarvQ4DG1Ew=/1500x0/filters:no_upscale():max_bytes(150000):strip_icc()/13107-miso-soup-Melissa-Goff-1x1-1-2962011c74e340fd8afbfaf43ac4b6f2.jpg","4 cups water, 2 teaspoons dashi granules, 3 tablespoons miso paste, 1 (8 ounce) package silken tofu, diced, 2 green onions, sliced diagonally into 1/2 inch pieces","5 min","4","15 min","2022-12-17T18:13:23Z"
"https://www.allrecipes.com/recipe/176957/baked-kale-chips/","Baked Kale Chips","20 min","This easy recipe for baked kale chips is simply the best. With only 3 ingredients, the kale chips turn out perfectly crispy and are a great homemade snack.","Preheat an oven to 300 degrees F (150 degrees C). Line a rimmed baking sheet with parchment paper; With a knife or kitchen shears carefully remove kale leaves from the thick stems and tear into bite size pieces. Wash and thoroughly dry kale with a salad spinner. Drizzle kale leaves with olive oil and toss to combine. Spread out in an even layer on the baking sheet without overlapping and sprinkle with salt; Bake until the edges start to brown but are not burnt, 20 to 30 minutes.","https://www.allrecipes.com/thmb/ni-BHPFmJ9GsrPhUafdCinYfMMk=/1500x0/filters:no_upscale():max_bytes(150000):strip_icc()/176957-BakedKaleChips_001-fd36f2a00fd3408c96d91994b24a2cf9.jpg","1 bunch kale, 1 tablespoon olive oil, 1 teaspoon flaked sea salt","10 min","6","30 min","2022-12-17T18:13:23Z"
"https://www.allrecipes.com/recipe/51301/sarahs-applesauce/","Sarah&#39;s Homemade Applesauce","15 min","This applesauce recipe is easy to make from scratch with apples, sugar, and cinnamon for a delicious topping on pancakes, ice cream, or pork chops.","Combine apples, water, sugar, and cinnamon in a saucepan; cover and cook over medium heat until apples are soft, about 15 to 20 minutes; Allow apple mixture to cool, then mash with a fork or potato masher until it is the consistency you like.","https://www.allrecipes.com/thmb/VY5d0tZHB8xz6y-ef586jR050FE=/1500x0/filters:no_upscale():max_bytes(150000):strip_icc()/25840-Sarahs-Applesauce-2000-56080bc8aac64df59aeec895f1875fc0.jpg","4 apples - peeled, cored and chopped, 0.75 cup water, 0.25 cup white sugar, 0.5 teaspoon ground cinnamon","10 min","4","25 min","2022-12-17T18:13:24Z"
"https://www.allrecipes.com/recipe/51226/a-very-popular-bbq-sauce/","Homemade BBQ Sauce","","This quick and easy homemade barbecue sauce has just the right mixture of sweetness and spice. Adjust seasoning to your personal taste.","Combine brown sugar, ketchup, vinegar, water, and Worcestershire sauce in a blender. Season with mustard, paprika, salt, pepper, and hot pepper sauce. Blend until smooth.","https://www.allrecipes.com/thmb/gBmN2lnMxRkrNRu1_O7d7U484aU=/1500x0/filters:no_upscale():max_bytes(150000):strip_icc()/51226-A-Very-Popular-BBQ-Sauce-mfs-1-7b9f214657754e8094f8d3bf9632717c.jpg","1.5 cups brown sugar, 1.5 cups ketchup, 0.5 cup red wine vinegar, 0.5 cup water, 1 tablespoon Worcestershire sauce, 2.5 tablespoons dry mustard, 2 teaspoons paprika, 2 teaspoons salt, 1.5 teaspoons black pepper, 2 dashes hot pepper sauce","10 min","32","10 min","2022-12-17T18:13:25Z"
"https://www.allrecipes.com/recipe/57783/emilys-famous-hash-browns/","Crispy Hash Browns","15 min","These crispy, homemade hash browns are quick, easy, and family-friendly, making them perfect as a side dish for any breakfast or brunch on weekdays or weekends.","Rinse shredded potatoes until water is clear, then drain and squeeze dry. Place shreds in a bowl and mix in the onion, flour, and egg until evenly distributed; Heat about 1/4 inch of oil in a large heavy skillet over medium-high heat. When oil is sizzling hot, place potatoes into the pan in a 1/2 inch thick layer. Cover the whole bottom of the pan, or make separate piles like pancakes; Cook until nicely browned on the bottom, then flip over and brown on the other side. It should take at least 5 minutes per side. If you are cooking them in one big piece, it can be cut into quarters for easier flipping; Remove from pan, and drain on paper towels. Season with salt and pepper and serve immediately.","https://www.allrecipes.com/thmb/XU7fQeQn0TRqC26zsaTCzoCu8kg=/1500x0/filters:no_upscale():max_bytes(150000):strip_icc()/57783-Emilys-Famous-Hash-Browns-mfs-036-ddf9c0b0fe284c3e9acf3de9dad4db0a.jpg","2 medium russet potatoes, shredded, 0.5 medium onion, finely chopped, 0.25 cup all-purpose flour, 1 egg, 1 cup oil for frying, or as needed, salt and pepper to taste","20 min","4","35 min","2022-12-17T18:13:25Z"
"https://www.allrecipes.com/recipe/214947/perfect-summer-fruit-salad/","Perfect Summer Fruit Salad","5 min","This fantastic fruit salad combines pineapple, kiwi, bananas, oranges, grapes, and berries in a sweet citrusy sauce for a colorful dessert.","For the sauce: Bring orange juice, lemon juice, brown sugar, orange zest, and lemon zest to a boil in a saucepan over medium-high heat. Reduce heat to medium-low and simmer until slightly thickened, about 5 minutes. Remove from heat and stir in vanilla extract. Set aside to cool; For the salad: Layer fruit in a large, clear glass bowl in this order: pineapple, strawberries, kiwi fruit, bananas, oranges, grapes, and blueberries. Pour cooled sauce over fruit; cover and refrigerate for 3 to 4 hours before serving.","https://www.allrecipes.com/thmb/pXqfb4xf-T3a-trkKdu-SCfC1hI=/1500x0/filters:no_upscale():max_bytes(150000):strip_icc()/2289556-0981629410f0446d9bec11f0a9ece43c.jpg","0.66666668653488 cup fresh orange juice, 0.33333334326744 cup fresh lemon juice, 0.33333334326744 cup packed brown sugar, 0.5 teaspoon grated orange zest, 0.5 teaspoon grated lemon zest, 1 teaspoon vanilla extract, 2 cups cubed fresh pineapple, 2 cups strawberries, hulled and sliced, 3 kiwi fruit, peeled and sliced, 3 bananas, sliced, 2 oranges, peeled and sectioned, 1 cup seedless grapes, 2 cups blueberries","25 min","10","210 min","2022-12-17T18:13:26Z"
"https://www.allrecipes.com/recipe/13384/split-pea-soup/","Split Pea Soup","120 min","This hearty split pea soup recipe features potatoes, carrots, celery, marjoram, and chunks of ham; perfect nourishment on a cold and blustery day!","Place peas in a large stockpot and cover with several inches of cold water; let soak, 8 hours to overnight. Drain, rinse, and return peas to the pot; Add 2 quarts of cold water, ham bone, onion, salt, pepper, and marjoram to the stockpot. Cover, bring to a boil, and simmer for 1 1/2 hours, stirring occasionally; Remove ham bone; cut off meat, dice, and return meat to soup. Add celery, carrots, and potatoes. Cook slowly, uncovered, until vegetables are tender, about 30 to 40 minutes.","https://www.allrecipes.com/thmb/8JTErB4eGgJU0RnpbksGgH7ClgE=/1500x0/filters:no_upscale():max_bytes(150000):strip_icc()/Split-Pea-Soup-Maggie-Stryjewska-Kara-2afe02a1fb5942a4a4ac5d5582acfba6.jpg","2.25 cups dried split peas, 2 quarts cold water, plus more as needed, 1.5 pounds ham bone, 2 onions, thinly sliced, 0.5 teaspoon salt, 0.25 teaspoon ground black pepper, 1 pinch dried marjoram, 3 stalks celery, chopped, 3 carrots, chopped, 1 potato, diced","15 min","6","615 min","2022-12-17T18:13:27Z"
"https://www.allrecipes.com/recipe/18465/gnocchi-i/","Gnocchi","30 min","Gnocchi is easy to make with just three easy ingredients: mashed potato, flour and an egg — that&#39;s all you need to knead for gnocchi!","Bring a large pot of salted water to a boil; add potatoes and cook until tender but still firm, about 15 minutes. Drain, cool, and mash with a fork or potato masher; Combine 1 cup mashed potato, flour, and egg in a large bowl. Knead until dough forms a ball. Shape small portions of the dough into long &#34;snakes&#34;. On a floured surface, cut snakes into 1/2-inch pieces; Bring a large pot of lightly salted water to a boil. Drop in gnocchi and cook for 3 to 5 minutes or until gnocchi have risen to the top; drain and serve.","https://www.allrecipes.com/thmb/jOPKFsr6fvXjxAaRXThxTL6UTv8=/1500x0/filters:no_upscale():max_bytes(150000):strip_icc()/1070416-a1a6c982aaef4da3acfdda0ae7f3b87f.jpg","2 potatoes, peeled, 2 cups all-purpose flour, 1 egg","30 min","4","60 min","2022-12-17T18:13:27Z"
"https://www.allrecipes.com/recipe/240438/easy-roasted-broccoli/","Easy Roasted Broccoli","20 min","Roasted broccoli florets and broccoli stems are cooked with just olive oil, salt, and pepper. So much more flavorsome than boiled or steamed broccoli!","Preheat the oven to 400 degrees F (200 degrees C); Cut broccoli florets from the stalk. Peel the stalk and slice into 1/4-inch slices. Mix florets and stem pieces with olive oil in a bowl and transfer to a baking sheet; season with salt and pepper; Roast in the preheated oven until broccoli is tender and lightly browned, about 18 to 20 minutes.","https://www.allrecipes.com/thmb/wzrJD5icKZtvVXJ-47xIJaJszyk=/1500x0/filters:no_upscale():max_bytes(150000):strip_icc()/1765553-easy-roasted-broccoli-FranceC-1x1-1-327e091005644ea99b1ce0107d3dd2c6.jpg","14 ounces broccoli, 1 tablespoon olive oil, salt and ground black pepper to taste","10 min","4","30 min","2022-12-17T18:13:28Z"
"https://www.allrecipes.com/recipe/72508/the-best-vegetarian-chili-in-the-world/","The Best Vegetarian Chili in the World","60 min","This vegetarian chili is packed with beans, corn, tomatoes, and bell peppers. Jalapeños, green chiles, and chili powder kick things up a notch!","Heat olive oil in a large pot over medium heat. Stir in onion and season with oregano, salt, cumin, and bay leaves. Cook and stir until onion is tender; stir in celery, green bell peppers, jalapeños, and garlic. Add green chile peppers and cook until heated through. Stir in vegetarian burger crumbles; reduce heat to low, cover pot, and simmer for 5 minutes; Stir in tomatoes; season with chili powder and black pepper. Stir in kidney beans, garbanzo beans, and black beans. Bring to a boil, reduce heat to low, and simmer for 45 minutes; Stir in the corn, and continue cooking for 5 minutes before serving.","https://www.allrecipes.com/thmb/ZKb67Utp4og2zknebxyMuc0iLjc=/1500x0/filters:no_upscale():max_bytes(150000):strip_icc()/9215371-The-Best-Vegetarian-Chili-in-The-World-NatashaForestBrown-1x1-1-1290da8f7186491aa02b32a8ba57306d.jpg","1 tablespoon olive oil, 0.5 medium onion, chopped, 2 tablespoons dried oregano, 1 tablespoon salt, 1 teaspoon ground cumin, 2 bay leaves, 2 stalks celery, chopped, 2 green bell peppers, chopped, 2 jalapeno peppers, chopped, 3 cloves garlic, chopped, 2 (4 ounce) cans chopped green chile peppers, drained, 2 (12 ounce) packages vegetarian burger crumbles, 3 (28 ounce) cans whole peeled tomatoes, crushed, 0.25 cup chili powder, 1 tablespoon ground black pepper, 1 (15 ounce) can kidney beans, drained, 1 (15 ounce) can garbanzo beans, drained, 1 (15 ounce) can black beans, 1 (15 ounce) can whole kernel corn","15 min","8","75 min","2022-12-17T18:13:28Z"
"https://www.allrecipes.com/recipe/51283/maple-salmon/","Maple Salmon","20 min","These maple-glazed salmon fillets are marinated and baked in a tasty sauce made with maple syrup, soy sauce, and garlic for an easy but elegant meal.","Stir maple syrup, soy sauce, garlic, garlic salt, and pepper together in a small bowl; Cut salmon into 4 equal-sized fillets; place in a shallow glass baking dish and coat with maple syrup mixture. Cover the dish and marinate salmon in the refrigerator for 30 minutes, turning once halfway; Preheat the oven to 400 degrees F (200 degrees C); Place the baking dish in the preheated oven and bake salmon uncovered until flesh easily flakes with a fork, about 20 minutes.","https://www.allrecipes.com/thmb/BeBtXjp41rBoxR62f1d_qCfp1n8=/1500x0/filters:no_upscale():max_bytes(150000):strip_icc()/862371-cd7a4b6c481f444382e3f69273b982f9.jpg","0.25 cup maple syrup, 2 tablespoons soy sauce, 1 clove garlic, minced, 0.25 teaspoon garlic salt, 0.125 teaspoon ground black pepper, 1 pound salmon","10 min","4","60 min","2022-12-17T18:13:29Z"
"https://www.allrecipes.com/recipe/76954/roasted-new-red-potatoes/","Roasted New Red Potatoes","20 min","Roasted red potatoes tossed with olive oil, salt, and pepper, then cooked in the oven until tender in the middle and perfectly crisp on the outside.","Preheat the oven to 400 degrees F (200 degrees C) and adjust the oven rack to the lowest position; Toss potatoes with oil, salt, and pepper in a bowl. Arrange, cut-side down, on a rimmed cookie sheet or jellyroll pan; Roast potatoes in the preheated oven until tender and golden brown, 20 to 30 minutes. Transfer to a serving dish.","https://www.allrecipes.com/thmb/ZaL1tHrFaKMxmnRQU7FvJj0kKt0=/1500x0/filters:no_upscale():max_bytes(150000):strip_icc()/644668-8c07cad9cd1c4cf79a658424db03de6d.jpg","3 pounds small red new potatoes, halved, 0.25 cup olive oil, 1 teaspoon salt and freshly ground black pepper","5 min","8","25 min","2022-12-17T18:13:30Z"
"https://www.allrecipes.com/recipe/15559/black-beans-and-rice/","Black Beans and Rice","25 min","Black beans and rice flavored with garlic, cumin, and cayenne pepper makes a wholesome, budget-friendly, vegetarian meal or tasty side dish.","Heat oil in a saucepan over medium-high heat. Add onion and garlic; cook and stir until onion has softened, about 4 minutes. Stir in rice to coat; cook and stir for 2 minutes; Add vegetable broth and bring to a boil. Cover, reduce to a simmer, and cook until liquid is absorbed, about 20 minutes; Stir in beans, cumin, and cayenne; cook until beans are warmed through.","https://www.allrecipes.com/thmb/KwTKa17RBxGi-f8YCjPY3J07X-g=/1500x0/filters:no_upscale():max_bytes(150000):strip_icc()/Black-Beans-and-Rice-by-House-of-Aqua-2119665_original-4e87fb50007047deb0756d83d15591b7.jpg","1 teaspoon olive oil, 1 onion, chopped, 2 cloves garlic, minced, 0.75 cup uncooked white rice, 1.5 cups low sodium, low fat vegetable broth, 3.5 cups canned black beans, drained, 1 teaspoon ground cumin, 0.25 teaspoon cayenne pepper","5 min","6","30 min","2022-12-17T18:13:31Z"
"https://www.allrecipes.com/recipe/220642/quick-and-easy-refried-beans/","Quick and Easy Refried Beans","10 min","This easy refried beans recipe is made with pinto beans, garlic, spices, and lime in just 20 minutes. Perfect for Taco Tuesdays or any weeknight!","Heat canola oil in a heavy skillet over medium heat; Cook garlic cloves in hot oil, turning once, until brown on both sides, 4 to 5 minutes. Smash garlic cloves in the skillet with a fork; Stir pinto beans, cumin, chili powder, and salt into mashed garlic and cook until beans are thoroughly heated, about 5 minutes. Stir occasionally; Smash bean mixture with a potato masher to desired texture. Squeeze lime juice over smashed beans and stir until combined.","https://www.allrecipes.com/thmb/Q6yXuSHLc31vFhSguqD1pPxJIE8=/1500x0/filters:no_upscale():max_bytes(150000):strip_icc()/1010236-12ea61759d8b449e868e5bf187c9a1ca.jpg","2 tablespoons canola oil, 2 garlic cloves, peeled, 2 (15 ounce) cans pinto beans, 1 teaspoon cumin, 1 teaspoon chili powder, salt to taste, 0.5 lime, juiced","10 min","6","20 min","2022-12-17T18:13:31Z"
"https://www.allrecipes.com/recipe/80969/simple-turkey-chili/","Simple Turkey Chili","45 min","This turkey chili recipe is made with ground turkey, tomatoes, kidney beans, and spices that make it super flavorful. Even better on the second day!","Heat oil in a large pot over medium heat. Add turkey; cook and stir until evenly browned, 6 to 8 minutes. Stir in onion and cook until tender; Add water; mix in tomatoes, kidney beans, and garlic. Stir in chili powder, paprika, oregano, cayenne pepper, cumin, salt, and pepper; Bring to a boil. Reduce heat to low, cover, and simmer for 30 minutes.","https://www.allrecipes.com/thmb/UnFVb6rk5IMr8Lo70O7v2jpEmFM=/1500x0/filters:no_upscale():max_bytes(150000):strip_icc()/80969-Simple-Turkey-Chili-Nerdbox-10e14445e6c04cf697863a304bab5cdb.jpeg","1.5 teaspoons olive oil, 1 pound ground turkey, 1 onion, chopped, 2 cups water, 1 (28 ounce) can canned crushed tomatoes, 1 (16 ounce) can canned kidney beans - drained, rinsed, and mashed, 1 tablespoon garlic, minced, 2 tablespoons chili powder, 0.5 teaspoon paprika, 0.5 teaspoon dried oregano, 0.5 teaspoon ground cayenne pepper, 0.5 teaspoon ground cumin, 0.5 teaspoon salt, 0.5 teaspoon ground black pepper","15 min","8","60 min","2022-12-17T18:13:32Z"
"https://www.allrecipes.com/recipe/85839/out-of-this-world-turkey-brine/","Out of This World Turkey Brine","","This smoked turkey brine recipe makes a juicy, flavorful turkey. It&#39;s easy to make with water, salt, brown sugar, Worcestershire, garlic, and pepper.","Mix together water, salt, brown sugar, Worcestershire sauce, garlic, and pepper in a food-grade bucket or container large enough to hold your turkey. Carefully submerge turkey in brine; Cover and store in the refrigerator. Soak for two days before smoking or roasting.","https://www.allrecipes.com/thmb/t5s2DPNX4DyCuJqtKerlSsjw_uc=/1500x0/filters:no_upscale():max_bytes(150000):strip_icc()/7392436-382988a9d8234c8cac3e438ef0dafa94.jpg","2 gallons water, 1.5 cups canning salt, 0.33333334326744 cup brown sugar, 0.25 cup Worcestershire sauce, 3 tablespoons minced garlic, 1 tablespoon ground black pepper","10 min","12","10 min","2022-12-17T18:13:33Z"
"https://www.allrecipes.com/recipe/38214/creole-seasoning-blend/","Creole Seasoning Blend","","This Creole seasoning adds amazing flavor to rice, meats, soups, and stews with a spice blend of paprika, onion, garlic, oregano, thyme, and cayenne.","Combine paprika, salt, onion powder, garlic powder, oregano, basil, thyme, black pepper, white pepper, and cayenne pepper; Store in an airtight container.","https://www.allrecipes.com/thmb/LHk0EnptJhtJJ3saw9KenHU_Fg0=/1500x0/filters:no_upscale():max_bytes(150000):strip_icc()/5031552-9db50e506e4c4eaebca7b833dfcc7558.jpg","5 tablespoons paprika, 3 tablespoons salt, 2 tablespoons onion powder, 2 tablespoons garlic powder, 2 tablespoons dried oregano, 2 tablespoons dried basil, 1 tablespoon dried thyme, 1 tablespoon black pepper, 1 tablespoon white pepper, 1 tablespoon cayenne pepper","5 min","20","5 min","2022-12-17T18:13:33Z"
"https://www.allrecipes.com/recipe/6773/simple-whole-wheat-bread/","Simple Whole Wheat Bread","25 min","This honey whole wheat bread recipe is proof that wonderful flavor, texture, and aroma can be had if you just follow a straightforward game plan.","Mix warm water, yeast, and 1/3 cup honey in a large bowl to dissolve. Add 5 cups bread flour, and stir to combine. Let sit for 30 minutes, or until big and bubbly; Mix in 3 tablespoons melted butter, remaining 1/3 cup honey, and salt. Stir in 2 cups whole wheat flour. Transfer dough to a floured work surface and gradually knead in remaining 2 cups whole wheat flour. Knead until dough starts to pull away from the work surface, adding more whole wheat flour if necessary; dough should be a bit tacky to the touch, but not too sticky; Place in a greased bowl, turning once to coat the surface of the dough. Cover with a dish towel and let rise in a warm place until doubled, 45 minutes to 1 hour; Grease three 9x5-inch loaf pans. Punch down the dough, and divide it into 3 loaves. Place in the prepared loaf pans, and allow to rise until dough has topped the pans by one inch, another 45 minutes to 1 hour; Meanwhile, preheat the oven to 350 degrees F (175 degrees C); Bake the risen loaves in the preheated oven until golden brown for 25 to 30 minutes, do not overbake; Lightly brush the tops of the loaves with remaining 2 tablespoons melted butter when done to prevent crust from getting hard. Cool completely.","https://www.allrecipes.com/thmb/ZPxjwFaOQZ3jb_Mx-L9_Nak8wF8=/1500x0/filters:no_upscale():max_bytes(150000):strip_icc()/8440945-simple-whole-wheat-bread-xiommy-1x1-1-7a0d51ee424d4eb488282d466e1f7e0a.jpg","3 cups warm water (110 degrees F/45 degrees C), 2 (.25 ounce) packages active dry yeast, 0.667 cup honey, divided, 5 cups bread flour, 5 tablespoons butter, melted, divided, 1 tablespoon salt, 4 cups whole wheat flour, or more as needed","25 min","36","170 min","2022-12-17T18:13:34Z"
"https://www.allrecipes.com/recipe/70163/easy-baked-tilapia/","Easy Baked Tilapia","25 min","This baked tilapia recipe with simple ingredients is super easy to prepare, and ready in 30 minutes for a quick and delicious weeknight meal.","Preheat the oven to 375 degrees F (190 degrees F). Grease a 9x13-inch baking dish; Place tilapia fillets in the bottom of the baking dish, then dot with butter and season with garlic salt and seafood seasoning. Top each fillet with a slice or two of lemon. Arrange frozen mixed vegetables around fillets and season lightly with salt and pepper. Cover the dish with aluminum foil; Bake in the preheated oven until vegetables are tender and fish flakes easily with a fork, 25 to 30 minutes.","https://www.allrecipes.com/thmb/gpRl97CEJr5OQrMtnQKS2dMIjD0=/1500x0/filters:no_upscale():max_bytes(150000):strip_icc()/70163-easy-baked-tilapia-ddmfs-0422-1x1-1-ea226c5b17d24ead95f2c573d6d2ab1a.jpg","4 (4 ounce) fillets tilapia, 2 teaspoons butter, 0.5 teaspoon garlic salt, or to taste, 0.25 teaspoon seafood seasoning (such as Old Bay®), or to taste, 1 lemon, sliced, 1 (16 ounce) package frozen cauliflower with broccoli and red pepper, salt and ground black pepper to taste","5 min","4","30 min","2022-12-17T18:13:35Z"
"https://www.allrecipes.com/recipe/20963/oven-roasted-potatoes/","Oven Roasted Potatoes","30 min","Roasted potatoes coated with olive oil, garlic, herbs, and crushed red pepper flakes make a deliciously crispy, flavor-packed potato side dish.","Preheat the oven to 475 degrees F (245 degrees C); Combine oil, garlic, basil, marjoram, dill, thyme, oregano, parsley, pepper flakes, and salt in a large bowl; stir in potatoes until evenly coated. Place potatoes in a single layer on a roasting pan or baking sheet; Roast in the preheated oven, turning occasionally to brown on all sides, until tender, about 20 to 30 minutes.","https://www.allrecipes.com/thmb/AIyZFdUCray66dV8m5v0Uss80RE=/1500x0/filters:no_upscale():max_bytes(150000):strip_icc()/20963-oven-roasted-potatoes-1x1-481-copy-88148197e5a84492885f024781689c4f.jpg","0.125 cup olive oil, 1 tablespoon minced garlic, 0.5 teaspoon dried basil, 0.5 teaspoon dried marjoram, 0.5 teaspoon dried dill weed, 0.5 teaspoon dried thyme, 0.5 teaspoon dried oregano, 0.5 teaspoon dried parsley, 0.5 teaspoon crushed red pepper flakes, 0.5 teaspoon salt, 4 large potatoes, peeled and cubed","15 min","4","45 min","2022-12-17T18:13:35Z"
"https://www.allrecipes.com/recipe/46982/pesto-pasta-with-chicken/","Pesto Pasta with Chicken","20 min","Easy chicken pesto pasta recipe made with sautéed garlic chicken tossed with bow tie pasta, sun-dried tomatoes, and pesto sauce, ready in 30 minutes.","Bring a large pot of lightly salted water to a boil. Add pasta and cook until al dente, 8 to 10 minutes; drain; Heat oil in a large skillet over medium heat. Sauté garlic until tender, then stir in chicken and season with red pepper flakes. Cook until chicken is golden and cooked through; Combine pasta, chicken, pesto, and sun-dried tomatoes in a large bowl; toss to coat evenly.","https://www.allrecipes.com/thmb/pRj_J6ExG2Q6iG9ltkSI1lj3QMo=/1500x0/filters:no_upscale():max_bytes(150000):strip_icc()/image-6-9532607d48a248b48ddc4a3588ae1b9c.jpg","1 (16 ounce) package bow tie pasta, 1 teaspoon olive oil, 2 cloves garlic, minced, 2 skinless, boneless chicken breasts, cut into bite-sized pieces, 1 pinch crushed red pepper flakes, or to taste, 0.5 cup pesto sauce, 0.33333334326744 cup oil-packed sun-dried tomatoes, drained and cut into strips","10 min","8","30 min","2022-12-17T18:13:36Z"
"https://www.allrecipes.com/recipe/19963/fajita-marinade-i/","Fajita Marinade","","Delicious fajita marinade made with lime juice, olive oil, and soy sauce, and spiced up with cayenne and black pepper. Makes enough marinade for 2 pounds of meat.","In a large resealable plastic bag, mix together the lime juice, water, olive oil, garlic, soy sauce, salt, and liquid smoke flavoring. Stir in cayenne and black pepper; Place desired meat in the marinade, and refrigerate at least 2 hours, or overnight. Cook as desired.","https://www.allrecipes.com/thmb/fcqpq-TXw5DmrbMxXsjyruut7ec=/1500x0/filters:no_upscale():max_bytes(150000):strip_icc()/687200_Fajita-Marinade-I_Photo-by-Rachelle-Shockey-c8d7262436524aedb6d8dfbccf0d41ad.jpg","0.25 cup lime juice, 0.33333334326744 cup water, 2 tablespoons olive oil, 4 cloves garlic, crushed, 2 teaspoons soy sauce, 1 teaspoon salt, 0.5 teaspoon liquid smoke flavoring, 0.5 teaspoon cayenne pepper, 0.5 teaspoon ground black pepper","15 min","16","15 min","2022-12-17T18:13:36Z"
"https://www.allrecipes.com/recipe/229166/grilled-veggie-skewers/","Grilled Veggie Skewers","10 min","Colorful veggie kabobs packed with garden produce (and pineapple!) brighten any meal. Serve them as a light, summery main course or flavorful side.","Preheat a grill for medium heat and lightly oil the grate. Alternately thread pineapple chunks, zucchini slices, yellow squash slices, mushrooms, onion chunks, tomatoes, and bell pepper chunks onto skewers; Whisk olive oil, basil, oregano, salt, and black pepper in a bowl; brush some of the mixture over vegetables; Cook skewers on the preheated grill until vegetables are tender, turning and basting vegetables with remaining olive oil mixture occasionally, 10 to 15 minutes.","https://www.allrecipes.com/thmb/Pjnu0_YHcIYLlxwisZLSQeX3QvI=/1500x0/filters:no_upscale():max_bytes(150000):strip_icc()/1968731-daca7034ebbf49fd85fd2da3cd180e1b.jpg","1 fresh pineapple, cut into chunks, 2 medium zucchinis, cut into 1-inch slices, 2 medium yellow squash, cut into 1-inch slices, 0.5 pound whole fresh mushrooms, 1 medium red onion, cut into chunks, 12 cherry tomatoes, 1 medium red bell pepper, cut into chunks, 8 bamboo skewers, soaked in water for 20 minutes, 0.33333334326744 cup olive oil, 1.5 teaspoons dried basil, 0.75 teaspoon dried oregano, 0.5 teaspoon salt, 0.125 teaspoon ground black pepper","10 min","4","20 min","2022-12-17T18:13:38Z"
"https://www.allrecipes.com/recipe/215314/slow-cooker-baked-potatoes/","Slow Cooker Baked Potatoes","270 min","These crockpot baked potatoes are seasoned with olive oil and salt, wrapped in foil, then cooked in a slow cooker for 4 hours until soft and fluffy.","Prick potatoes with a fork several times, then rub with olive oil and season with salt. Wrap tightly in foil and place into the slow cooker; Cook until tender, on Low for 7 1/2 hours or on High for 4 1/2 to 5 hours.","https://www.allrecipes.com/thmb/CGaya2aiPDclRcCAFZFPdn5iF4A=/1500x0/filters:no_upscale():max_bytes(150000):strip_icc()/4526061-slow-cooker-baked-potatoes-Christina-1x1-1-9c03ad3d59704529b87d37e59232c83c.jpg","4 baking potatoes, well scrubbed, 1 tablespoon extra virgin olive oil, kosher salt to taste, 4 sheets aluminum foil","10 min","4","280 min","2022-12-17T18:13:38Z"
"https://www.allrecipes.com/recipe/241074/easy-garlic-kale/","Easy Garlic Kale","8 min","A deliciously quick and easy recipe for kale sauteed with sizzling minced garlic that will even have the kale-haters in the family asking for more.","Soak kale leaves in a large bowl of water until dirt and sand begin to fall to the bottom, about 2 minutes. Lift kale from the bowl without drying the leaves and immediately remove and discard stems. Chop the kale leaves into 1-inch pieces; Heat olive oil in a large skillet over medium heat; cook and stir garlic until sizzling, about 1 minute. Add kale to the skillet and place a cover over the top; Cook, stirring occasionally with tongs, until kale is bright green and slightly tender, 5 to 7 minutes.","https://www.allrecipes.com/thmb/bOB1hW9jUibQ6Y36azS-xRqE2FQ=/1500x0/filters:no_upscale():max_bytes(150000):strip_icc()/305-Easy-Garlic-Kale-ddmfs-4x3-3910-49bdd9f639534a28a6ff1ad418b53370.jpg","1 bunch kale, 1 tablespoon olive oil, 1 teaspoon minced garlic","7 min","4","15 min","2022-12-17T18:13:39Z"
"https://www.allrecipes.com/recipe/229692/easy-sweet-potato-casserole/","Easy Sweet Potato Casserole","50 min","This easy sweet potato recipe is a holiday classic of mashed sweet potatoes flavored with cinnamon and brown sugar, topped with toasted marshmallows.","Place sweet potatoes in a large pot and cover with salted water; bring to a boil. Reduce heat to medium-low and simmer until tender, about 20 minutes; drain; Preheat the oven to 375 degrees F (190 degrees C). Grease a deep casserole dish; Mash potatoes with a potato masher in a bowl until no large lumps remain. Stir in both sugars, cinnamon, and butter until well combined, then transfer to the prepared casserole dish. Cover with a layer of miniature marshmallows; Bake in the preheated oven until marshmallows are browned, about 30 minutes.","https://www.allrecipes.com/thmb/6h54NbvqL_DpezLBcldJwaWZ5Vs=/1500x0/filters:no_upscale():max_bytes(150000):strip_icc()/971652-easy-sweet-potato-casserole-My-Hot-Southern-Mess-4x3-1-5b6715b23b2c4d7289ed601d77ac7b39.jpg","6 large sweet potatoes, peeled and cut into chunks, 1 cup white sugar, 0.5 cup brown sugar, 2 tablespoons ground cinnamon, 1 tablespoon butter, softened, 1 cup miniature marshmallows, or as needed","10 min","10","60 min","2022-12-17T18:13:40Z"
"https://www.allrecipes.com/recipe/241308/fresh-raspberry-sauce/","Fresh Raspberry Sauce","5 min","This raspberry sauce recipe by Chef John is easy to make, refreshingly delicious, and perfect for topping ice cream, cheesecake, or chocolate cake!","Combine raspberries, sugar, water, and lemon juice in a saucepan over medium heat; cook and stir until raspberries break down, sugar dissolves, and sauce is heated through, 3 to 7 minutes; Press sauce through a fine-mesh strainer to remove seeds. Cool to room temperature; cover with plastic wrap and refrigerate until chilled, at least 45 minutes.","https://www.allrecipes.com/thmb/19H4V5ToXC8NmcIWeg2nHq8kP8E=/1500x0/filters:no_upscale():max_bytes(150000):strip_icc()/2063248-f49cf357f5bf4b00be88795ec597ade1.jpg","1.5 pounds fresh raspberries, 0.25 cup white sugar, 1 tablespoon water, or as needed, 2 teaspoons lemon juice, or more to taste","5 min","12","55 min","2022-12-17T18:13:40Z"
"https://www.allrecipes.com/recipe/82768/lauras-quick-slow-cooker-turkey-chili/","Laura&#39;s Quick Slow Cooker Turkey Chili","240 min","This is an easy crockpot turkey chili recipe you can throw in the slow cooker and forget about until dinner. Zesty flavor meets convenience here.","Heat oil in a skillet over medium heat. Place turkey in the skillet, and cook until evenly brown; drain; Coat the inside of a slow cooker with cooking spray, and mix in turkey, tomato soup, kidney beans, black beans, and onion. Season with chili powder, garlic powder, cumin, red pepper flakes, black pepper, allspice, and salt; Cover, and cook on Low for 8 hours, or on High for 4 hours.","https://www.allrecipes.com/thmb/PZFnlhnY-QkgepTA410E83cf7m4=/1500x0/filters:no_upscale():max_bytes(150000):strip_icc()/1009122-fa8d56db99f947488c72864c6f067d95.jpg","1 tablespoon vegetable oil, 1 pound ground turkey, cooking spray, 2 (10.75 ounce) cans low sodium tomato soup, 2 (15 ounce) cans kidney beans, drained, 1 (15 ounce) can black beans, drained, 0.5 medium onion, chopped, 2 tablespoons chili powder, 0.5 tablespoon garlic powder, 0.5 tablespoon ground cumin, 1 teaspoon red pepper flakes, 1 pinch ground black pepper, 1 pinch ground allspice, salt to taste","15 min","8","255 min","2022-12-17T18:13:41Z"
"https://www.allrecipes.com/recipe/14452/green-salad/","Green Salad","15 min","This green salad is hearty, vibrant, and easy to make. With assorted greens, veggies, and deli meat — this versatile salad is a meal in itself!","Place onion and bell pepper in a microwave-safe bowl; heat in microwave on high until soft, about 1 to 2 minutes. Set aside to cool; Combine onion, bell pepper, salad greens, deli meat, and tomato in a large salad bowl. Sprinkle with onion powder, garlic powder, salt, and black pepper; toss well to mix; Pour on salad dressing; toss well and serve.","https://www.allrecipes.com/thmb/2vdjcjd3OjHK8JcYrXWoMbrA_g4=/1500x0/filters:no_upscale():max_bytes(150000):strip_icc()/AR-14452-GreenSalad-0025-4x3-1-7c57ab1a097e4fcf832a59405b15afb2.jpg","0.5 cup chopped onion, 0.5 cup chopped green bell pepper, 2 (10 ounce) packages mixed salad greens, 4 thinly sliced chicken deli meat, chopped, 1 tomato, chopped, 0.25 teaspoon onion powder, 3 dashes garlic powder, 2 pinches salt and ground black pepper to taste, 3 tablespoons balsamic vinaigrette salad dressing","15 min","8","30 min","2022-12-17T18:13:41Z"
"https://www.allrecipes.com/recipe/18249/baked-sweet-potatoes/","Baked Sweet Potatoes","60 min","This baked sweet potato recipe is easy to make and uses a simple seasoning of oregano, salt, and pepper to make a quick, family-friendly side dish.","Preheat the oven to 350 degrees F (175 degrees C). Coat the bottom of a glass or nonstick baking dish with olive oil, just enough to coat; Wash and peel sweet potatoes; cut into medium pieces. Place in the baking dish and stir to coat with olive oil. Sprinkle with oregano, salt, and pepper; Bake in the preheated oven until soft and fork-tender, about 1 hour.","https://www.allrecipes.com/thmb/JzuipWRT68GPSMcgXCUy3adgAQU=/1500x0/filters:no_upscale():max_bytes(150000):strip_icc()/18249-Baked-Seet-Potatoes-ddmfs-1x1.5180-7be49ec63b1545fda5f6b73449a4694f.jpg","2 tablespoons olive oil, 3 large sweet potatoes, 2 pinches dried oregano, 2 pinches salt, 2 pinches ground black pepper","5 min","4","65 min","2022-12-17T18:13:42Z"
"https://www.allrecipes.com/recipe/34450/italian-seasoning-i/","Italian Seasoning","","This homemade Italian seasoning is made with a blend of herbs and spices and is super easy to throw together. Use it for all your seasoning needs!","Combine basil, oregano, rosemary, marjoram, cilantro, thyme, savory, and red pepper flakes in a food processor. Blend for 1 minute, or until desired consistency is achieved.","https://www.allrecipes.com/thmb/huwxCxRRakc6YudAuqcIYLds098=/1500x0/filters:no_upscale():max_bytes(150000):strip_icc()/34450-ItalianSeasoningi-ddmfs-4X3-0372-67b1300d4dbe4462a06f64d8a3f9822b.jpg","2 tablespoons dried basil, 2 tablespoons dried oregano, 2 tablespoons dried rosemary, 2 tablespoons dried marjoram, 2 tablespoons dried cilantro, 2 tablespoons dried thyme, 2 tablespoons dried savory, 2 tablespoons red pepper flakes","5 min","10","5 min","2022-12-17T18:13:43Z"
"https://www.allrecipes.com/recipe/215189/fruit-and-yogurt-smoothie/","Fruit and Yogurt Smoothie","","This yogurt smoothie recipe blends strawberries, banana, pineapple juice, orange juice, and plain yogurt together for a delicious, refreshing drink.","Combine strawberries, banana, yogurt, pineapple juice, sugar, orange juice, and milk in a blender; blend until smooth.","https://www.allrecipes.com/thmb/nXTnAdimMBtkQieZhloU45cM1V0=/1500x0/filters:no_upscale():max_bytes(150000):strip_icc()/441727-fruit-and-yogurt-smoothie-Alberta-Rose-4x3-1-aa04390dac11483aaeeec142dff1f6c7.jpg","1 cup strawberries, 1 banana, 0.5 cup yogurt, 0.25 cup pineapple juice, 1.5 teaspoons white sugar, 1 teaspoon orange juice, 1 teaspoon milk","5 min","2","5 min","2022-12-17T18:13:43Z"
"https://www.allrecipes.com/recipe/23539/strawberry-oatmeal-breakfast-smoothie/","Strawberry Oatmeal Breakfast Smoothie","","This oatmeal smoothie has a deep pink color and a rich, creamy texture. It&#39;s fast, filling, and delicious — perfect for a quick on-the-go breakfast!","Blend soy milk, oats, strawberries, and banana in a blender until smooth. Add sugar and vanilla and blend again until smooth; Pour into glasses and serve.","https://www.allrecipes.com/thmb/DlPnojTRGNBSBrlP6xliPzdFspI=/1500x0/filters:no_upscale():max_bytes(150000):strip_icc()/409456-strawberry-oatmeal-breakfast-smoothie-Alberta-Rose-1x1-1-6b6d3d2dc43d49a9ac521cffc963fabb.jpg","1 cup soy milk, 0.5 cup rolled oats, 14 frozen strawberries, 1 banana, broken into chunks, 1.5 teaspoons white sugar, 0.5 teaspoon vanilla extract","5 min","2","5 min","2022-12-17T18:13:44Z"
"https://www.allrecipes.com/recipe/235932/brazilian-grilled-pineapple/","Brazilian Grilled Pineapple","10 min","These delicious grilled pineapple slices are coated in a simple mix of brown sugar and cinnamon to create this Brazilian steakhouse favorite.","Preheat an outdoor grill for medium-high heat and lightly oil the grate; Whisk brown sugar and cinnamon together in a bowl; transfer into a large resealable plastic bag. Add pineapple wedges to the bag; shake well to coat each wedge; Grill pineapple wedges on the preheated grill until heated through, 3 to 5 minutes per side.","https://www.allrecipes.com/thmb/x-lTXW1vHrvmUyrrkr_T3hs93rc=/1500x0/filters:no_upscale():max_bytes(150000):strip_icc()/235932-brazilian-grilled-pineapple-4x3-00066-3632fd51d21e4e7ca3d5f9fa134c3b60.jpg","1 cup brown sugar, 2 teaspoons ground cinnamon, 1 pineapple - peeled, cored, and cut into 6 wedges","10 min","6","20 min","2022-12-17T18:13:44Z"
"https://www.allrecipes.com/recipe/33118/german-potato-pancakes/","German Potato Pancakes","25 min","These German potato pancakes are made with shredded potatoes and onion. They make a tasty side and a great savory alternative to regular pancakes.","Beat eggs, flour, baking powder, salt, and pepper together in a large bowl; stir in potatoes and onion; Heat oil in a large skillet over medium heat. Drop heaping tablespoonfuls of potato mixture into hot oil in batches. Press to flatten. Cook until browned and crisp, about 3 minutes on each side. Transfer to a paper towel-lined plate to drain. Repeat with remaining potato mixture.","https://www.allrecipes.com/thmb/2rahURk_noJX3jrRtcGNaYON90o=/1500x0/filters:no_upscale():max_bytes(150000):strip_icc()/3379636-e15a579324d34f9aa062132e8555f2e0.jpg","2 large eggs, 2 tablespoons all-purpose flour, 0.25 teaspoon baking powder, 0.5 teaspoon salt, 0.25 teaspoon pepper, 6 medium potatoes, peeled and shredded, 0.5 cup finely chopped onion, 0.25 cup vegetable oil","20 min","6","45 min","2022-12-17T18:13:45Z"
"https://www.allrecipes.com/recipe/44975/easy-pizza-sauce-iii/","Easy Pizza Sauce","","An easy pizza sauce that doesn&#39;t require cooking so it&#39;s quick to make and tastes fresh and delicious. Mix tomato sauce with seasoning and it&#39;s ready.","Mix together tomato sauce and tomato paste in a medium bowl until smooth. Stir in oregano, garlic, and paprika.","https://www.allrecipes.com/thmb/KXxXbNC5yDA2bEt-AxgWLvQSFrw=/1500x0/filters:no_upscale():max_bytes(150000):strip_icc()/581951-easy-pizza-sauce-Alberta-Rose-1x1-1-1d42b81ae6b84892b6c65352f5d2476e.jpg","1 (15 ounce) can tomato sauce, 1 (6 ounce) can tomato paste, 1 tablespoon ground oregano, 1.5 teaspoons dried minced garlic, 1 teaspoon ground paprika","5 min","24","5 min","2022-12-17T18:13:46Z"
"https://www.allrecipes.com/recipe/241019/spinach-and-banana-power-smoothie/","Spinach and Banana Power Smoothie","","This vegan banana spinach smoothie provides a dairy-free and protein-rich pick-me-up that tastes delicious. It&#39;s easy to blend and take anywhere.","Blend soy milk and spinach together in a blender until smooth. Add banana and pulse until thoroughly blended.","https://www.allrecipes.com/thmb/7fxIkXzDquL8VytxAU0wlEf-OuM=/1500x0/filters:no_upscale():max_bytes(150000):strip_icc()/4548861-9766946c2ba1471ca2c8cc51afe1c18b.jpg","1 cup plain soy milk, 0.75 cup packed fresh spinach leaves, 1 large banana, sliced","10 min","1","10 min","2022-12-17T18:13:46Z"
"https://www.allrecipes.com/recipe/23553/basic-fruit-smoothie/","Basic Fruit Smoothie","","A tasty fruit smoothie recipe with strawberries, banana, peaches, fruit juice, and ice. Feel free to experiment with your favorite fruits!","Combine strawberries, peaches, and banana in a blender; blend until smooth. Add ice and pour in juice; blend again to desired consistency.","https://www.allrecipes.com/thmb/UkeuVPlM5KjA520YuyD87dSDG2E=/1500x0/filters:no_upscale():max_bytes(150000):strip_icc()/23553-basic-fruit-smoothie-ddmfs-1x1-0709-0a157232688a4468be54e8278d9b633f.jpg","1 quart strawberries, hulled, 2 fresh peaches - peeled, pitted, and sliced, 1 banana, broken into chunks, 2 cups ice, 1 cup orange-peach-mango juice","10 min","4","10 min","2022-12-17T18:13:47Z"
"https://www.allrecipes.com/recipe/11839/arrabbiata-sauce/","Arrabbiata Sauce","20 min","Arrabbiata sauce is a spicy, Italian, tomato-based sauce for pasta. In this easy recipe — a sizeable jolt of crushed red pepper revs up the heat!","Heat oil in a large skillet or saucepan over medium heat. Add onion and garlic; cook and stir until softened, about 5 minutes; Stir in diced tomatoes, wine, tomato paste, sugar, basil, lemon juice, red pepper flakes, Italian seasoning, and black pepper; bring to a boil. Reduce heat to medium and simmer, uncovered, for about 15 minutes; Stir in parsley. Ladle sauce over hot cooked pasta of your choice.","https://www.allrecipes.com/thmb/2fTZvcZJV8CtuzibWZpAc_qbG3M=/1500x0/filters:no_upscale():max_bytes(150000):strip_icc()/11839-ArrabbiataSauce-ddmfs-1X1-0875-a7bf49fd24364e1aa814b9ee27a9d0fb.jpg","1 teaspoon olive oil, 1 cup chopped onion, 4 cloves garlic, minced, 2 (14.5 ounce) cans peeled and diced tomatoes, 0.375 cup red wine, 2 tablespoons tomato paste, 1 tablespoon white sugar, 1 tablespoon chopped fresh basil, 1 tablespoon lemon juice, 1 teaspoon crushed red pepper flakes, 0.5 teaspoon Italian seasoning, 0.25 teaspoon ground black pepper, 2 tablespoons chopped fresh parsley","15 min","6","35 min","2022-12-17T18:13:48Z"
"https://www.allrecipes.com/recipe/21455/quick-pasta-sauce/","Quick Pasta Sauce","25 min","This easy pasta sauce made with canned crushed tomatoes, fresh garlic, and dried basil is super quick to prep and cooks in less than 30 minutes!","Heat oil in a large skillet over low heat; add garlic and sauté until tender, about 2 minutes; Stir in crushed tomatoes, basil, salt, and pepper. Simmer, stirring occasionally, until slightly thickened, 15 to 20 minutes. Serve immediately.","https://www.allrecipes.com/thmb/2sP9NgFbXpMenLjoIBmIcAuOvhE=/1500x0/filters:no_upscale():max_bytes(150000):strip_icc()/quick-pasta-sauce-2000-2667ab14e8214e16afabe28527a632d3.jpg","2 tablespoons olive oil, 3 cloves garlic, minced, 1 (28 ounce) can crushed tomatoes, 1 teaspoon dried basil, salt and pepper to taste","5 min","6","30 min","2022-12-17T18:13:49Z"
"https://www.allrecipes.com/recipe/74749/fideo/","Fideo","20 min","This fideo recipe is easily made with toasted pasta simmered in a tomato sauce seasoned with cumin, garlic, and chili powder for a tasty side dish.","Heat oil in a saucepan over medium-high heat. Add fideo; cook and stir until browned; Add 1 cup water and 1/2 of the tomato sauce to fideo. Season with chili powder, cumin, and garlic salt; stir to blend. Bring to a boil and cook until liquid has almost evaporated; Stir in remaining 1/2 cup water and remaining tomato sauce. Cover and cook over medium heat until fideo is tender and sauce thickens, about 10 minutes.","https://www.allrecipes.com/thmb/CIazOBq7iJSFEPu-ml_XjGgZDVM=/1500x0/filters:no_upscale():max_bytes(150000):strip_icc()/7540314-32ec91bb3d6a455daab010cd44cadc0f.jpg","2 tablespoons vegetable oil, 1 (8 ounce) package fideo pasta, 1.5 cups water, divided, 1 (8 ounce) can tomato sauce, divided, 1 tablespoon chili powder, 0.5 teaspoon ground cumin, 0.5 teaspoon garlic salt","10 min","4","30 min","2022-12-17T18:13:49Z"
"https://www.allrecipes.com/recipe/8847/baked-honey-mustard-chicken/","Baked Honey Mustard Chicken","40 min","This honey mustard chicken is a quick and easy baked chicken breast recipe full of flavor from a tangy-sweet honey mustard glaze with dried herbs.","Preheat the oven to 350 degrees F (175 degrees C). Lightly grease a 9x13-inch baking dish with cooking spray; Season chicken breasts with salt and pepper. Place in the prepared baking dish; Combine honey, mustard, basil, paprika, and parsley in a small bowl; mix well. Pour 1/2 of the honey mustard mixture over chicken and brush to cover; Bake in the preheated oven for 30 minutes. Turn chicken pieces over and brush with remaining honey mustard mixture. Continue baking until chicken is no longer pink and juices run clear, 10 to 15 minutes more. An instant-read thermometer inserted into the center should read at least 165 degrees F (74 degrees C); Let cool 10 minutes before serving.","https://www.allrecipes.com/thmb/J38RlGmBzkahtIINcLI0twikcXU=/1500x0/filters:no_upscale():max_bytes(150000):strip_icc()/2286111-baked-honey-mustard-chicken-John-1x1-1-75d7c0f0506140eabc5855fe1b3bfa4c.jpg","cooking spray, 6 skinless, boneless chicken breast halves, salt and pepper to taste, 0.5 cup honey, 0.5 cup prepared mustard, 1 teaspoon dried basil, 1 teaspoon paprika, 0.5 teaspoon dried parsley","15 min","6","65 min","2022-12-17T18:13:50Z"
"https://www.allrecipes.com/recipe/85452/homemade-black-bean-veggie-burgers/","Homemade Black Bean Veggie Burgers","20 min","With this black bean burger recipe, you will never want to eat frozen veggie burgers again. These are a quick, easy, and flavorful vegetarian delight.","Preheat an outdoor grill for high heat. Lightly oil a sheet of aluminum foil with cooking spray; Mash black beans in a medium bowl with a fork until thick and pasty; Finely chop bell pepper, onion, and garlic in a food processor. Stir chopped vegetables into mashed beans; Stir together egg, chili powder, cumin, and chili sauce in a small bowl. Add to the mashed beans and stir to combine. Mix in bread crumbs until the mixture is sticky and holds together. Divide the mixture into four patties and place on the prepared foil; Grill on the preheated grill for about 8 minutes on each side.","https://www.allrecipes.com/thmb/svLyns2aR9H3bnec0SAeek16sw4=/1500x0/filters:no_upscale():max_bytes(150000):strip_icc()/85452-Homemade-Black-Bean-Veggie-Burger-ddmfs-103085-1x1-1-e1904681012b48cf81e2ba56a24068c9.jpg","cooking spray, 1 (16 ounce) can black beans, drained and rinsed, 0.5 green bell pepper, cut into 2 inch pieces, 0.5 onion, cut into wedges, 3 cloves garlic, peeled, 1 egg, 1 tablespoon chili powder, 1 tablespoon cumin, 1 teaspoon Thai chili sauce or hot sauce, 0.5 cup bread crumbs","15 min","4","35 min","2022-12-17T18:13:51Z"
"https://www.allrecipes.com/recipe/14033/worlds-greatest-vegetable-broth/","World&#39;s Greatest Vegetable Broth","90 min","This vegan broth is made with caramelized roasted vegetables, fresh parsley, garlic, and black peppercorns for 2 quarts of broth with terrific flavor.","Preheat the oven to 450 degrees F (230 degrees C); Place onions, tomatoes, carrots, bell peppers, and turnips in a large roasting pan; drizzle with olive oil and toss to coat; Roast in the preheated oven, stirring every 15 minutes, until vegetables are tender and onions are caramelized, about 1 hour; Transfer roasted vegetables into a large stockpot. Add celery, parsley, garlic, peppercorns, cloves, and bay leaf. Pour in water and bring to a boil over high heat. Reduce heat to medium-low and simmer, uncovered, until liquid is reduced by half, 20 to 40 minutes; Strain broth into a large bowl, reserving vegetables for another use.","https://www.allrecipes.com/thmb/HaIOedO-L7H8zBy8GYSGNWRlEzA=/1500x0/filters:no_upscale():max_bytes(150000):strip_icc()/14033-worlds-greatest-vegtable-broth-ddmfs-3X4-1525-8686d514ed8743a793a33215261f3678.jpg","1.5 pounds sweet onions, peeled and cut into wedges, 1 pound tomatoes, cored and quartered, 1 pound carrots, cut into 1-inch pieces, 1 pound green bell pepper, cut into 1-inch pieces, 0.5 pound turnips, cubed, 2 tablespoons olive oil, 1 pound celery, cut into 1-inch pieces, 1 bunch fresh parsley, chopped, 3 cloves garlic, 6 whole black peppercorns, 3 whole cloves, 1 bay leaf, 1 gallon water","30 min","8","120 min","2022-12-17T18:13:52Z"
"https://www.allrecipes.com/recipe/27252/best-potatoes-youll-ever-taste/","Best Potatoes You&#39;ll Ever Taste","20 min","A simple mayonnaise blend will transform your grilled potatoes into a flavorful cookout sensation!","In a small bowl, mix mayonnaise, garlic, oregano, salt , and pepper. Set aside; Bring a large pot of salted water to a boil. Add potatoes, and cook until almost done, about 10 minutes. Don&#39;t overcook otherwise the potatoes will break apart. Drain, and cool; Preheat oven broiler. Line a baking tray with aluminum foil, and lightly grease the aluminum foil; Arrange potatoes in the prepared baking tray. Spoon the mayonnaise mixture over the potatoes. Broil in the preheated oven until potatoes are tender and mayonnaise mixture is lightly browned, about 10 minutes.","https://www.allrecipes.com/thmb/j-7T7sIa334TIN9uoFYdwajrG0k=/1500x0/filters:no_upscale():max_bytes(150000):strip_icc()/Best-Potatoes-Youll-Ever-Taste-a827fec107d44119b8c700f4091408ee.jpg","3 tablespoons mayonnaise, 2 cloves garlic, crushed, 1 teaspoon dried oregano, salt and pepper to taste, 5 potatoes, quartered","10 min","4","30 min","2022-12-17T18:13:52Z"
"https://www.allrecipes.com/recipe/221057/strawberry-cake-filling/","Strawberry Cake Filling","10 min","This strawberry cake filling for cakes, tarts, and pastries is easy to make on the stovetop with frozen strawberries, cornstarch, sugar, and water.","Whisk water and cornstarch together in a large saucepan. Stir in strawberries and sugar; Cook over medium heat until thickened, about 10 minutes. Allow to cool completely before use.","https://www.allrecipes.com/thmb/ZnyhDNoCD5KEUjNgK4ISnodyAG8=/1500x0/filters:no_upscale():max_bytes(150000):strip_icc()/221057-strawberry-cake-filling-ddmfs-4x3-1-ecaffe5ee52e4e0fa729a24f5597fd90.jpg","1 cup water, 3 tablespoons cornstarch, 2.5 cups frozen strawberries, thawed and cut into bite size pieces, 0.75 cup white sugar","5 min","28","45 min","2022-12-17T18:13:53Z"
"https://www.allrecipes.com/recipe/230396/real-ny-jewish-rye-bread/","Real NY Jewish Rye Bread","35 min","This delicious rye bread recipe is flavored with caraway seeds and sour pickle juice to create a crusty, flavorful loaf of New York-style rye bread.","Place bread flour, rye flour, potato flakes, caraway seeds, demerara sugar, yeast, and sea salt in the bowl of a large stand mixer fitted with the paddle attachment. Turn mixer to low and thoroughly mix dry ingredients. Beat warm water, canola oil, and pickle juice into dry ingredients; Switch to the dough hook attachment and beat until dough is rough and shaggy-looking. Cover bowl with plastic wrap and let rest for exactly 30 minutes; Remove plastic wrap and knead with the dough hook until smooth, firm, and only slightly sticky, 6 to 8 minutes. Turn dough onto a floured work surface and knead until smooth, 1 to 2 more minutes; Form dough into a ball. Lightly oil a large bowl, place the dough in the bowl and turn to coat. Cover the bowl with plastic wrap, set into a warm place, and let rise until nearly double, about 1 hour; Grease a 5x9-inch loaf pan. Turn dough onto a lightly oiled surface, shape into a log, and place into the prepared loaf pan. Cover with a cloth kitchen towel and let rise until top of dough has risen slightly over the top of the pan, 60 to 90 minutes; Place rack in the middle of the oven; preheat the oven to 350 degrees F (175 degrees C); Bake loaf in preheated oven until golden brown and cooked through, about 35 minutes. The internal temperature of the bread should be 190 degrees F (90 degrees C). If loaf browns too quickly, cover loosely with a tent of aluminum foil with the shiny side out. Remove loaf from the pan and cool on a wire rack.","https://www.allrecipes.com/thmb/rBWqpkXxRDJ7tPaHbTZu1og6jR8=/1500x0/filters:no_upscale():max_bytes(150000):strip_icc()/7856765-real-ny-jewish-rye-bread-Patti-4x3-1-ea84b22dc1bc4ef59e89694dddcdcc99.jpg","2 cups unbleached bread flour (such as King Arthur®), 1 cup dark rye flour, 3 tablespoons dry potato flakes, 2 tablespoons caraway seeds, 1.5 tablespoons demerara sugar, 2.5 teaspoons instant yeast, 1.5 teaspoons sea salt, 1 cup warm water, 0.25 cup canola oil, 0.25 cup sour pickle juice","20 min","14","205 min","2022-12-17T18:13:53Z"
"https://www.allrecipes.com/recipe/158854/chinese-buffet-green-beans/","&#39;Chinese Buffet&#39; Green Beans","10 min","These Chinese green beans are quickly stir-fried with garlic and tossed with a sweet and savory sauce until tender and lightly crisp for an easy side.","Heat oil in a wok or large skillet over medium-high heat. Stir in garlic; cook until edges begin to brown, about 20 seconds. Add green beans; cook and stir until they begin to soften, about 5 minutes; Stir in oyster sauce, sugar, and soy sauce. Cook and stir until beans have attained the desired degree of tenderness, 2 to 4 minutes.","https://www.allrecipes.com/thmb/agy0Yir5CF5Sfp04hJj--EdmmMQ=/1500x0/filters:no_upscale():max_bytes(150000):strip_icc()/253053-993ac87f2f184aa2b2c7780db0f50a03.jpg","1 tablespoon oil, peanut or sesame, 2 cloves garlic, thinly sliced, 1 pound fresh green beans, trimmed, 2 tablespoons oyster sauce, 1 tablespoon white sugar, 2 teaspoons soy sauce","15 min","6","25 min","2022-12-17T18:13:54Z"
"https://www.allrecipes.com/recipe/53729/fish-tacos/","Fish Tacos","20 min","These fish tacos are easily made with fried beer-battered cod, served in crispy corn tortillas with shredded cabbage and a zesty seasoned white sauce.","Make beer batter: Combine flour, cornstarch, baking powder, and salt in a large bowl. Blend beer and egg in a separate bowl, then quickly stir into flour mixture until combined with a few lumps remaining; Make white sauce: Mix together yogurt and mayonnaise in a medium bowl. Gradually stir in fresh lime juice until consistency is slightly runny. Season with jalapeño, capers, cayenne, oregano, cumin, and dill; Start fish tacos: Heat oil in a deep-fryer to 375 degrees F (190 degrees C); Dust fish pieces lightly with flour. Dip into beer batter, then fry in hot oil until crisp and golden brown. Drain on paper towels; Lightly fry tortillas in hot oil until just crisped, but not too crisp. Drain on paper towels; Place fried fish in tortillas; top with shredded cabbage and white sauce.","https://www.allrecipes.com/thmb/PSYGfuqqY6H-PB_-_y-gBzvmNdk=/1500x0/filters:no_upscale():max_bytes(150000):strip_icc()/53729-fish-tacos-1x1-169-1-b7a17908454d4f5caa0f1ab828aac4f0.jpg","1 cup all-purpose flour, 2 tablespoons cornstarch, 1 teaspoon baking powder, 0.5 teaspoon salt, 1 cup beer, 1 egg, 0.5 cup plain yogurt, 0.5 cup mayonnaise, 1 lime, juiced, 1 jalapeno pepper, minced, 1 teaspoon minced capers, 1 teaspoon ground cayenne pepper, 0.5 teaspoon dried oregano, 0.5 teaspoon ground cumin, 0.5 teaspoon dried dill weed, 1 quart oil for frying, 1 pound cod fillets, cut into 2 to 3 ounce portions, 2 tablespoons all-purpose flour, or more as needed, 1 (12 ounce) package corn tortillas, 0.5 medium head cabbage, finely shredded","40 min","8","60 min","2022-12-17T18:13:55Z"
"https://www.allrecipes.com/recipe/14126/country-fried-squash/","Country Fried Squash","15 min","This fried squash recipe is simple comfort food. Fresh butternut squash slices are dipped in batter and fried until golden, fragrant, and delicious!","Whisk milk and egg together in a small bowl. Combine flour, cornmeal, garlic salt, pepper, and salt together in a separate bowl; Heat oil in a deep skillet over medium-high heat; Dip each squash slice into egg mixture, then dredge in flour mixture to coat; Fry coated squash slices in hot oil, a few at a time, until golden brown on both sides.","https://www.allrecipes.com/thmb/2BcPfp9MDKzzgFhL6sqsT5VINB8=/1500x0/filters:no_upscale():max_bytes(150000):strip_icc()/9286306-fae333683f4e422b978b70ff919e84f6.jpg","0.5 cup milk, 1 egg, beaten, 0.5 cup all-purpose flour, 0.5 cup cornmeal, 1 pinch garlic salt, 1 pinch ground black pepper, 1 pinch salt, 1 cup oil for frying, 6 pounds butternut squash - peeled, seeded and sliced","25 min","4","40 min","2022-12-17T18:13:55Z"
"https://www.allrecipes.com/recipe/132785/vegetarian-kale-soup/","Vegetarian Kale Soup","30 min","This kale soup is packed with healthy green kale, creamy potatoes, tomatoes, and cannellini beans for an easy Italian soup that cooks in 30 minutes.","Heat olive oil in a large soup pot over medium-high heat; cook onion and garlic until soft, 2 to 3 minutes. Stir in kale and cook until wilted, about 2 minutes. Stir in water, potatoes, beans, tomatoes, vegetable bouillon, parsley, and Italian seasoning; Bring to a boil, then reduce heat and simmer until potatoes are cooked through, about 25 minutes. Season with salt and pepper.","https://www.allrecipes.com/thmb/0RlafqF9Km5zFBZHb9ioleLeOJo=/1500x0/filters:no_upscale():max_bytes(150000):strip_icc()/7272209-vegetarian-kale-soup-CFraser-1x1-1-a144b0a33bbe4d9092f5a9cc91017da2.jpg","2 tablespoons olive oil, 1 yellow onion, chopped, 2 tablespoons chopped garlic, 1 bunch kale, stems removed and leaves chopped, 8 cups water, 6 white potatoes, peeled and cubed, 2 (15 ounce) cans cannellini beans (drained if desired), 1 (15 ounce) can diced tomatoes, 6 cubes vegetable bouillon (such as Knorr), 2 tablespoons dried parsley, 1 tablespoon Italian seasoning, salt and pepper to taste","25 min","8","55 min","2022-12-17T18:13:56Z"
"https://www.allrecipes.com/recipe/16768/puerto-rican-tostones-fried-plantains/","Puerto Rican Tostones (Fried Plantains)","10 min","Tostones are twice-fried crispy slices of green plantain that are lightly seasoned with salt for a delicious Caribbean-style appetizer or side dish.","Peel plantain and cut into 1-inch slices. Fill a bowl with 3 cups cold water; Heat oil in a large deep skillet over medium-high heat; add plantain slices in an even layer and fry on both sides until golden brown, about 3 1/2 minutes per side. Set skillet aside; Transfer plantain slices to a chopping board; flatten each one by placing a small plate on top and pressing down. Dip plantain slices in the cold water; Reheat oil in the skillet over medium heat; cook plantain slices for 1 minute on each side. Season to taste with salt and serve immediately.","https://www.allrecipes.com/thmb/DlGEIAWD4C0aSaeVTdl8hVUmldY=/1500x0/filters:no_upscale():max_bytes(150000):strip_icc()/662714-puerto-rican-tostones-fried-plantains-Melissa-Goff-1x1-1-8d283dbbc8f04576a9f9698ec8287560.jpg","1 green plantain, 5 tablespoons oil for frying, 3 cups cold water, salt to taste","10 min","2","20 min","2022-12-17T18:13:57Z"
"https://www.allrecipes.com/recipe/138159/pineapple-and-banana-smoothie/","Pineapple and Banana Smoothie","","This pineapple smoothie with banana is quick, tropical, fruity goodness with just four ingredients. Easily blend together and your smoothie is served.","Place ice cubes, pineapple, banana, and pineapple juice into the container of a blender. Puree on high until smooth.","https://www.allrecipes.com/thmb/HTfBfNHYpGanMrrM4ufCZQh88E0=/1500x0/filters:no_upscale():max_bytes(150000):strip_icc()/138159-pineapple-and-banana-smoothie-ddmfs-1x1-0065-f2a9d534c9a1492d827218a576e43cb6.jpg","4 ice cubes, 0.25 fresh pineapple - peeled, cored and cubed, 1 large banana, cut into chunks, 1 cup pineapple or apple juice","5 min","1","5 min","2022-12-17T18:13:57Z"
"https://www.allrecipes.com/recipe/216805/pan-fried-brussels-sprouts/","Pan Fried Brussels Sprouts","20 min","These pan-fried Brussels sprouts are cooked in hot olive oil with garlic until they turn golden brown with a sweet, nutty flavor and crispy edges.","Heat olive oil in a cast-iron skillet over medium-low heat. Add garlic and stir until golden brown and fragrant, about 2 to 3 minutes. Add onion and cook until soft, stirring often, about 5 minutes; Add Brussels sprouts and cook until one side of the sprouts turns golden brown, 5 to 7 minutes. Stir to turn sprouts over and cook until evenly golden brown, another 5 to 7 minutes. Season with salt, black pepper, and garlic powder.","https://www.allrecipes.com/thmb/rtaXZCm1f1ND5esaXmHsbqoTqvA=/1500x0/filters:no_upscale():max_bytes(150000):strip_icc()/1072717-pan-fried-brussels-sprouts-Chefster-4x3-1-eeb1233a12f94a4f939d55de6d9c9540.jpg","1 tablespoon olive oil, 2 teaspoons crushed garlic, 0.25 white onion, chopped, 1 pound trimmed Brussels sprouts, salt and ground black pepper to taste, 1 pinch garlic powder, or to taste","10 min","4","30 min","2022-12-17T18:13:58Z"
"https://www.allrecipes.com/recipe/94055/best-bean-salad/","Best Bean Salad","","This three-bean salad is made with canned beans and green and yellow beans mixed with bell pepper, onion, and celery tossed in sweet, tangy dressing.","Combine garbanzo beans, kidney beans, black beans, green beans, wax beans, green pepper, onion, and celery in a large bowl; toss to mix; Whisk together sugar, oil, vinegar, salt, and pepper in a separate bowl until sugar is dissolved; pour over bean mixture. Mix well; Refrigerate salad for 8 hours to overnight before serving.","https://www.allrecipes.com/thmb/HnG_hqd3oywjW_8BLEpu4aRc3vo=/1500x0/filters:no_upscale():max_bytes(150000):strip_icc()/94055-Best-Bean-Salad-4x3-0282-b362fec732764535ab41618fc30d6bc0.jpg","1 (15.5 ounce) can garbanzo beans, drained, 1 (14.5 ounce) can kidney beans, drained, 1 (14.5 ounce) can black beans, drained, 1 (14.5 ounce) can green beans, drained, 1 (14.5 ounce) can wax beans, drained, 0.5 cup chopped green pepper, 0.5 cup chopped onion, 0.5 cup chopped celery, 0.75 cup white sugar, 0.5 cup salad oil, 0.5 cup vinegar, 0.5 teaspoon salt, 0.5 teaspoon ground black pepper","20 min","18","500 min","2022-12-17T18:13:59Z"
"https://www.allrecipes.com/recipe/144346/roasted-garlic-lemon-broccoli/","Roasted Garlic Lemon Broccoli","15 min","This lemon roasted broccoli is simple and easy but tastes amazing. Broccoli florets are seasoned, roasted, and finished with a squeeze of lemon.","Preheat the oven to 400 degrees F (200 degrees C); Toss broccoli florets with extra virgin olive oil, sea salt, pepper, and garlic in a large bowl. Spread the broccoli out in an even layer on a baking sheet; Bake in the preheated oven until florets are tender enough to pierce the stems with a fork, 15 to 20 minutes. Remove and transfer to a serving platter; Squeeze lemon juice liberally over broccoli before serving for a refreshing, tangy finish.","https://www.allrecipes.com/thmb/ThVaJYnlJ7AcoQkvTRIH0nmHScA=/1500x0/filters:no_upscale():max_bytes(150000):strip_icc()/5521411-roasted-garlic-lemon-broccoli-jewels-1x1-1-22ed72a9a1b543159fa4fda5aad56995.jpg","2 heads broccoli, separated into florets, 2 teaspoons extra-virgin olive oil, 1 teaspoon sea salt, 0.5 teaspoon ground black pepper, 1 clove garlic, minced, 0.5 teaspoon lemon juice","10 min","6","25 min","2022-12-17T18:14:00Z"
"https://www.allrecipes.com/recipe/35965/grandma-omas-pickled-okra/","Grandma Oma&#39;s Pickled Okra","5 min","Pickled okra flavored with dried red chile peppers and dill; great for gift-giving! These pickles make a refreshing change on a relish tray.","Divide okra evenly between 3 sterile pint-sized jars; place a dried chile and a teaspoon of dill into each jar; Combine water, vinegar, and salt in a small saucepan; bring to a rolling boil. Pour hot brine over okra and seal the jars; Place a trivet at the bottom of a stockpot and fill the pot halfway with water. Bring the water to a boil, and add the jars. Pour in more boiling water to cover jars by at least 1 inch. Bring to a rolling boil, cover, and process for 10 minutes; Store canned pickled okra in a cool, dry place. Refrigerate jars after opening.","https://www.allrecipes.com/thmb/fpOTxrvmLDe2-xm7goT-ldK6EEc=/1500x0/filters:no_upscale():max_bytes(150000):strip_icc()/680367-b33109a434c14242a58a0f8f26d5be90.jpg","1.5 pounds fresh okra, 3 dried red chile peppers, 3 teaspoons dried dill, 2 cups water, 1 cup vinegar, 2 tablespoons salt","10 min","24","30 min","2022-12-17T18:14:00Z"
"https://www.allrecipes.com/recipe/141314/the-best-vegetable-salad/","The Best Vegetable Salad","","This vegetable salad uses a variety of fresh and colorful vegetables tossed in a pomegranate and herb dressing for a refreshingly tasty side dish.","Place lettuce, radishes, tomatoes, green onion, jicama, cucumber, and bell pepper in a large salad bowl; Whisk olive oil, lemon juice, pomegranate juice, water, garlic, dill, basil, salt, and black pepper in a small bowl. Drizzle dressing over the salad just before serving.","https://www.allrecipes.com/thmb/UjpuWzcQt35mLUEJ9qr4Wyy4W7w=/1500x0/filters:no_upscale():max_bytes(150000):strip_icc()/952228-25355c6584bc4f02bb28998402d7c510.jpg","5 romaine lettuce leaves, torn into bite size pieces, 5 radishes, chopped, 2 fresh tomatoes, chopped, 2 green onion, minced, 1 small jicama, peeled and julienned, 1 cucumber, peeled and chopped, 1 red bell pepper, chopped, 2 tablespoons olive oil, 1.5 tablespoons lemon juice, 1 tablespoon pomegranate juice, 1.5 teaspoons water, 1 clove garlic, minced, 1 teaspoon chopped fresh dill, 1 teaspoon chopped fresh basil, 1 teaspoon salt, 1 teaspoon ground black pepper","30 min","6","30 min","2022-12-17T18:14:01Z"
"https://www.allrecipes.com/recipe/229892/amazing-apple-butter/","Amazing Apple Butter","625 min","This apple butter recipe was inspired by many others.","Combine apples and apple juice in a stockpot; bring to a boil. Reduce heat and cook at a simmer until apples are soft and mushy, 20 to 30 minutes; Spoon apples into a food mill and process into puree while discarding the cores and peels remaining in the mill. Transfer process apples to a slow cooker; Cook on High with the lid off until the moisture evaporates and the volume reduces by about half, overnight to 24 hours; Stir sugar, apple cider vinegar, cinnamon, cloves, and allspice through the apple puree; Continue cooking on High until mixture mounds on a chilled plate without any water separating from the edges, another 2 to 6 hours; Sterilize the jars and lids in boiling water for at least 5 minutes. Pack the apple butter into the hot, sterilized jars, filling the jars to within 1/4 inch of the top. Run a knife or a thin spatula around the insides of the jars after they have been filled to remove any air bubbles. Wipe the rims of the jars with a moist paper towel to remove any food residue. Top with lids, and screw on rings; Place a rack in the bottom of a large stockpot and fill halfway with water. Bring to a boil and lower jars into the boiling water using a holder. Leave a 2-inch space between the jars. Pour in more boiling water if necessary to bring the water level to at least 1 inch above the tops of the jars. Bring the water to a rolling boil, cover the pot, and process 5 to 10 minutes; Remove the jars from the stockpot and place onto a cloth-covered or wood surface, several inches apart, until cool. Once cool, press the top of each lid with a finger, ensuring that the seal is tight (lid does not move up or down at all). Store in a cool, dark area.","https://www.allrecipes.com/thmb/x6vOON48-nGa1EFyDtv3yP_-yNE=/1500x0/filters:no_upscale():max_bytes(150000):strip_icc()/4097964-91fe5b73052648c7a2dad2ee8283ad23.jpg","10 pounds apples, quartered, 4 cups unsweetened apple juice, 1 cup white sugar, 1 tablespoon apple cider vinegar, 1.5 teaspoons ground cinnamon, 0.5 teaspoon ground cloves, 0.5 teaspoon ground allspice, 6 half-pint canning jars with lids and rings","10 min","48","640 min","2022-12-17T18:14:02Z"
